COUNTRY,ADM1_NAME,ADM2_NAME,ISO3,ADM1_PCODE,ADM2_PCODE,Coastal hazards,Drought,Earthquake,Environmental Degradation,Flood,Heatwave,Landslide,Lightning,Storms & Cyclone,Volcano,Wildfire,"Zoonoses, Plants & Pests",NATURAL,Conflict Intensity,Conflict Risk,Hazardous Material,Internal Violence,Vehicle Accidents,HUMAN,HAZARD,Development & Poverty,Economic Dependency,Habitat,Livelihoods,SOCIO-ECONOMIC VULNERABILITY,Displaced People,Health Conditions,Children Health and Nutrition,Ecomonic,VULNERABLE GROUPS,VULNERABILITY,Access to health care,Economic capacity,WASH,Communication,Education,INFRASTRUCTURE,DRR implementation,Governance,INSTITUTIONAL,LACK OF COPING CAPACITY,RISK,,,,,,,,,,,,,,,,,,,,,,,,,
,,,,,,,,,,,,,,,,,,,,,,,,,,,,,,,,,,,,,,,,,,,,,,,,,,,,,,,,,,,,,,,,,,,,,,,,
United Republic of Tanzania,Dodoma,Kondoa,TZA,TZ01,TZ0101,0.0,,,,,,,,,,,,0.0,,,,,,#DIV/0!,#DIV/0!,,,,,#DIV/0!,,,,,#DIV/0!,#DIV/0!,,,,,,#DIV/0!,,,#DIV/0!,#DIV/0!,#DIV/0!,,,,,,,,,,,,,,,,,,,,,,,,,
United Republic of Tanzania,Dodoma,Mpwapwa,TZA,TZ01,TZ0102,0.0,,,,,,,,,,,,0.0,,,,,,#DIV/0!,#DIV/0!,,,,,#DIV/0!,,,,,#DIV/0!,#DIV/0!,,,,,,#DIV/0!,,,#DIV/0!,#DIV/0!,#DIV/0!,,,,,,,,,,,,,,,,,,,,,,,,,
United Republic of Tanzania,Dodoma,Kongwa,TZA,TZ01,TZ0103,0.0,,,,,,,,,,,,0.0,,,,,,#DIV/0!,#DIV/0!,,,,,#DIV/0!,,,,,#DIV/0!,#DIV/0!,,,,,,#DIV/0!,,,#DIV/0!,#DIV/0!,#DIV/0!,,,,,,,,,,,,,,,,,,,,,,,,,
United Republic of Tanzania,Dodoma,Chamwino,TZA,TZ01,TZ0104,0.0,,,,,,,,,,,,0.0,,,,,,#DIV/0!,#DIV/0!,,,,,#DIV/0!,,,,,#DIV/0!,#DIV/0!,,,,,,#DIV/0!,,,#DIV/0!,#DIV/0!,#DIV/0!,,,,,,,,,,,,,,,,,,,,,,,,,
United Republic of Tanzania,Dodoma,Dodoma Urban,TZA,TZ01,TZ0105,0.0,,,,,,,,,,,,0.0,,,,,,#DIV/0!,#DIV/0!,,,,,#DIV/0!,,,,,#DIV/0!,#DIV/0!,,,,,,#DIV/0!,,,#DIV/0!,#DIV/0!,#DIV/0!,,,,,,,,,,,,,,,,,,,,,,,,,
United Republic of Tanzania,Dodoma,Bahi,TZA,TZ01,TZ0106,0.0,,,,,,,,,,,,0.0,,,,,,#DIV/0!,#DIV/0!,,,,,#DIV/0!,,,,,#DIV/0!,#DIV/0!,,,,,,#DIV/0!,,,#DIV/0!,#DIV/0!,#DIV/0!,,,,,,,,,,,,,,,,,,,,,,,,,
United Republic of Tanzania,Dodoma,Chemba,TZA,TZ01,TZ0107,0.0,,,,,,,,,,,,0.0,,,,,,#DIV/0!,#DIV/0!,,,,,#DIV/0!,,,,,#DIV/0!,#DIV/0!,,,,,,#DIV/0!,,,#DIV/0!,#DIV/0!,#DIV/0!,,,,,,,,,,,,,,,,,,,,,,,,,
United Republic of Tanzania,Arusha,Monduli,TZA,TZ02,TZ0201,0.0,,,,,,,,,,,,0.0,,,,,,#DIV/0!,#DIV/0!,,,,,#DIV/0!,,,,,#DIV/0!,#DIV/0!,,,,,,#DIV/0!,,,#DIV/0!,#DIV/0!,#DIV/0!,,,,,,,,,,,,,,,,,,,,,,,,,
United Republic of Tanzania,Arusha,Meru,TZA,TZ02,TZ0202,0.0,,,,,,,,,,,,0.0,,,,,,#DIV/0!,#DIV/0!,,,,,#DIV/0!,,,,,#DIV/0!,#DIV/0!,,,,,,#DIV/0!,,,#DIV/0!,#DIV/0!,#DIV/0!,,,,,,,,,,,,,,,,,,,,,,,,,
United Republic of Tanzania,Arusha,Arusha Urban,TZA,TZ02,TZ0203,0.0,,,,,,,,,,,,0.0,,,,,,#DIV/0!,#DIV/0!,,,,,#DIV/0!,,,,,#DIV/0!,#DIV/0!,,,,,,#DIV/0!,,,#DIV/0!,#DIV/0!,#DIV/0!,,,,,,,,,,,,,,,,,,,,,,,,,
United Republic of Tanzania,Arusha,Karatu,TZA,TZ02,TZ0204,0.0,,,,,,,,,,,,0.0,,,,,,#DIV/0!,#DIV/0!,,,,,#DIV/0!,,,,,#DIV/0!,#DIV/0!,,,,,,#DIV/0!,,,#DIV/0!,#DIV/0!,#DIV/0!,,,,,,,,,,,,,,,,,,,,,,,,,
United Republic of Tanzania,Arusha,Ngorongoro,TZA,TZ02,TZ0205,0.0,,,,,,,,,,,,0.0,,,,,,#DIV/0!,#DIV/0!,,,,,#DIV/0!,,,,,#DIV/0!,#DIV/0!,,,,,,#DIV/0!,,,#DIV/0!,#DIV/0!,#DIV/0!,,,,,,,,,,,,,,,,,,,,,,,,,
United Republic of Tanzania,Arusha,Arusha,TZA,TZ02,TZ0206,0.0,,,,,,,,,,,,0.0,,,,,,#DIV/0!,#DIV/0!,,,,,#DIV/0!,,,,,#DIV/0!,#DIV/0!,,,,,,#DIV/0!,,,#DIV/0!,#DIV/0!,#DIV/0!,,,,,,,,,,,,,,,,,,,,,,,,,
United Republic of Tanzania,Arusha,Longido,TZA,TZ02,TZ0207,0.0,,,,,,,,,,,,0.0,,,,,,#DIV/0!,#DIV/0!,,,,,#DIV/0!,,,,,#DIV/0!,#DIV/0!,,,,,,#DIV/0!,,,#DIV/0!,#DIV/0!,#DIV/0!,,,,,,,,,,,,,,,,,,,,,,,,,
United Republic of Tanzania,Kilimanjaro,Rombo,TZA,TZ03,TZ0301,0.0,,,,,,,,,,,,0.0,,,,,,#DIV/0!,#DIV/0!,,,,,#DIV/0!,,,,,#DIV/0!,#DIV/0!,,,,,,#DIV/0!,,,#DIV/0!,#DIV/0!,#DIV/0!,,,,,,,,,,,,,,,,,,,,,,,,,
United Republic of Tanzania,Kilimanjaro,Mwanga,TZA,TZ03,TZ0302,0.0,,,,,,,,,,,,0.0,,,,,,#DIV/0!,#DIV/0!,,,,,#DIV/0!,,,,,#DIV/0!,#DIV/0!,,,,,,#DIV/0!,,,#DIV/0!,#DIV/0!,#DIV/0!,,,,,,,,,,,,,,,,,,,,,,,,,
United Republic of Tanzania,Kilimanjaro,Same,TZA,TZ03,TZ0303,0.0,,,,,,,,,,,,0.0,,,,,,#DIV/0!,#DIV/0!,,,,,#DIV/0!,,,,,#DIV/0!,#DIV/0!,,,,,,#DIV/0!,,,#DIV/0!,#DIV/0!,#DIV/0!,,,,,,,,,,,,,,,,,,,,,,,,,
United Republic of Tanzania,Kilimanjaro,Moshi,TZA,TZ03,TZ0304,0.0,,,,,,,,,,,,0.0,,,,,,#DIV/0!,#DIV/0!,,,,,#DIV/0!,,,,,#DIV/0!,#DIV/0!,,,,,,#DIV/0!,,,#DIV/0!,#DIV/0!,#DIV/0!,,,,,,,,,,,,,,,,,,,,,,,,,
United Republic of Tanzania,Kilimanjaro,Hai,TZA,TZ03,TZ0305,0.0,,,,,,,,,,,,0.0,,,,,,#DIV/0!,#DIV/0!,,,,,#DIV/0!,,,,,#DIV/0!,#DIV/0!,,,,,,#DIV/0!,,,#DIV/0!,#DIV/0!,#DIV/0!,,,,,,,,,,,,,,,,,,,,,,,,,
United Republic of Tanzania,Kilimanjaro,Moshi Urban,TZA,TZ03,TZ0306,0.0,,,,,,,,,,,,0.0,,,,,,#DIV/0!,#DIV/0!,,,,,#DIV/0!,,,,,#DIV/0!,#DIV/0!,,,,,,#DIV/0!,,,#DIV/0!,#DIV/0!,#DIV/0!,,,,,,,,,,,,,,,,,,,,,,,,,
United Republic of Tanzania,Kilimanjaro,Siha,TZA,TZ03,TZ0307,0.0,,,,,,,,,,,,0.0,,,,,,#DIV/0!,#DIV/0!,,,,,#DIV/0!,,,,,#DIV/0!,#DIV/0!,,,,,,#DIV/0!,,,#DIV/0!,#DIV/0!,#DIV/0!,,,,,,,,,,,,,,,,,,,,,,,,,
United Republic of Tanzania,Tanga,Lushoto,TZA,TZ04,TZ0401,0.0,,,,,,,,,,,,0.0,,,,,,#DIV/0!,#DIV/0!,,,,,#DIV/0!,,,,,#DIV/0!,#DIV/0!,,,,,,#DIV/0!,,,#DIV/0!,#DIV/0!,#DIV/0!,,,,,,,,,,,,,,,,,,,,,,,,,
United Republic of Tanzania,Tanga,Korogwe,TZA,TZ04,TZ0402,0.0,,,,,,,,,,,,0.0,,,,,,#DIV/0!,#DIV/0!,,,,,#DIV/0!,,,,,#DIV/0!,#DIV/0!,,,,,,#DIV/0!,,,#DIV/0!,#DIV/0!,#DIV/0!,,,,,,,,,,,,,,,,,,,,,,,,,
United Republic of Tanzania,Tanga,Muheza,TZA,TZ04,TZ0403,0.0,,,,,,,,,,,,0.0,,,,,,#DIV/0!,#DIV/0!,,,,,#DIV/0!,,,,,#DIV/0!,#DIV/0!,,,,,,#DIV/0!,,,#DIV/0!,#DIV/0!,#DIV/0!,,,,,,,,,,,,,,,,,,,,,,,,,
United Republic of Tanzania,Tanga,Tanga Urban,TZA,TZ04,TZ0404,0.0,,,,,,,,,,,,0.0,,,,,,#DIV/0!,#DIV/0!,,,,,#DIV/0!,,,,,#DIV/0!,#DIV/0!,,,,,,#DIV/0!,,,#DIV/0!,#DIV/0!,#DIV/0!,,,,,,,,,,,,,,,,,,,,,,,,,
United Republic of Tanzania,Tanga,Pangani,TZA,TZ04,TZ0405,0.0,,,,,,,,,,,,0.0,,,,,,#DIV/0!,#DIV/0!,,,,,#DIV/0!,,,,,#DIV/0!,#DIV/0!,,,,,,#DIV/0!,,,#DIV/0!,#DIV/0!,#DIV/0!,,,,,,,,,,,,,,,,,,,,,,,,,
United Republic of Tanzania,Tanga,Handeni,TZA,TZ04,TZ0406,0.0,,,,,,,,,,,,0.0,,,,,,#DIV/0!,#DIV/0!,,,,,#DIV/0!,,,,,#DIV/0!,#DIV/0!,,,,,,#DIV/0!,,,#DIV/0!,#DIV/0!,#DIV/0!,,,,,,,,,,,,,,,,,,,,,,,,,
United Republic of Tanzania,Tanga,Kilindi,TZA,TZ04,TZ0407,0.0,,,,,,,,,,,,0.0,,,,,,#DIV/0!,#DIV/0!,,,,,#DIV/0!,,,,,#DIV/0!,#DIV/0!,,,,,,#DIV/0!,,,#DIV/0!,#DIV/0!,#DIV/0!,,,,,,,,,,,,,,,,,,,,,,,,,
United Republic of Tanzania,Tanga,Mkinga,TZA,TZ04,TZ0408,0.0,,,,,,,,,,,,0.0,,,,,,#DIV/0!,#DIV/0!,,,,,#DIV/0!,,,,,#DIV/0!,#DIV/0!,,,,,,#DIV/0!,,,#DIV/0!,#DIV/0!,#DIV/0!,,,,,,,,,,,,,,,,,,,,,,,,,
United Republic of Tanzania,Tanga,Korogwe Township Authority,TZA,TZ04,TZ0409,0.0,,,,,,,,,,,,0.0,,,,,,#DIV/0!,#DIV/0!,,,,,#DIV/0!,,,,,#DIV/0!,#DIV/0!,,,,,,#DIV/0!,,,#DIV/0!,#DIV/0!,#DIV/0!,,,,,,,,,,,,,,,,,,,,,,,,,
United Republic of Tanzania,Tanga,Handeni Mji,TZA,TZ04,TZ0410,0.0,,,,,,,,,,,,0.0,,,,,,#DIV/0!,#DIV/0!,,,,,#DIV/0!,,,,,#DIV/0!,#DIV/0!,,,,,,#DIV/0!,,,#DIV/0!,#DIV/0!,#DIV/0!,,,,,,,,,,,,,,,,,,,,,,,,,
United Republic of Tanzania,Morogoro,Kilosa,TZA,TZ05,TZ0501,0.0,,,,,,,,,,,,0.0,,,,,,#DIV/0!,#DIV/0!,,,,,#DIV/0!,,,,,#DIV/0!,#DIV/0!,,,,,,#DIV/0!,,,#DIV/0!,#DIV/0!,#DIV/0!,,,,,,,,,,,,,,,,,,,,,,,,,
United Republic of Tanzania,Morogoro,Morogoro,TZA,TZ05,TZ0502,0.0,,,,,,,,,,,,0.0,,,,,,#DIV/0!,#DIV/0!,,,,,#DIV/0!,,,,,#DIV/0!,#DIV/0!,,,,,,#DIV/0!,,,#DIV/0!,#DIV/0!,#DIV/0!,,,,,,,,,,,,,,,,,,,,,,,,,
United Republic of Tanzania,Morogoro,Kilombero,TZA,TZ05,TZ0503,0.0,,,,,,,,,,,,0.0,,,,,,#DIV/0!,#DIV/0!,,,,,#DIV/0!,,,,,#DIV/0!,#DIV/0!,,,,,,#DIV/0!,,,#DIV/0!,#DIV/0!,#DIV/0!,,,,,,,,,,,,,,,,,,,,,,,,,
United Republic of Tanzania,Morogoro,Ulanga,TZA,TZ05,TZ0504,0.0,,,,,,,,,,,,0.0,,,,,,#DIV/0!,#DIV/0!,,,,,#DIV/0!,,,,,#DIV/0!,#DIV/0!,,,,,,#DIV/0!,,,#DIV/0!,#DIV/0!,#DIV/0!,,,,,,,,,,,,,,,,,,,,,,,,,
United Republic of Tanzania,Morogoro,Morogoro Urban,TZA,TZ05,TZ0505,0.0,,,,,,,,,,,,0.0,,,,,,#DIV/0!,#DIV/0!,,,,,#DIV/0!,,,,,#DIV/0!,#DIV/0!,,,,,,#DIV/0!,,,#DIV/0!,#DIV/0!,#DIV/0!,,,,,,,,,,,,,,,,,,,,,,,,,
United Republic of Tanzania,Morogoro,Mvomero,TZA,TZ05,TZ0506,0.0,,,,,,,,,,,,0.0,,,,,,#DIV/0!,#DIV/0!,,,,,#DIV/0!,,,,,#DIV/0!,#DIV/0!,,,,,,#DIV/0!,,,#DIV/0!,#DIV/0!,#DIV/0!,,,,,,,,,,,,,,,,,,,,,,,,,
United Republic of Tanzania,Morogoro,Gairo,TZA,TZ05,TZ0507,0.0,,,,,,,,,,,,0.0,,,,,,#DIV/0!,#DIV/0!,,,,,#DIV/0!,,,,,#DIV/0!,#DIV/0!,,,,,,#DIV/0!,,,#DIV/0!,#DIV/0!,#DIV/0!,,,,,,,,,,,,,,,,,,,,,,,,,
United Republic of Tanzania,Pwani,Bagamoyo,TZA,TZ06,TZ0601,0.0,,,,,,,,,,,,0.0,,,,,,#DIV/0!,#DIV/0!,,,,,#DIV/0!,,,,,#DIV/0!,#DIV/0!,,,,,,#DIV/0!,,,#DIV/0!,#DIV/0!,#DIV/0!,,,,,,,,,,,,,,,,,,,,,,,,,
United Republic of Tanzania,Pwani,Kibaha,TZA,TZ06,TZ0602,0.0,,,,,,,,,,,,0.0,,,,,,#DIV/0!,#DIV/0!,,,,,#DIV/0!,,,,,#DIV/0!,#DIV/0!,,,,,,#DIV/0!,,,#DIV/0!,#DIV/0!,#DIV/0!,,,,,,,,,,,,,,,,,,,,,,,,,
United Republic of Tanzania,Pwani,Kisarawe,TZA,TZ06,TZ0603,0.0,,,,,,,,,,,,0.0,,,,,,#DIV/0!,#DIV/0!,,,,,#DIV/0!,,,,,#DIV/0!,#DIV/0!,,,,,,#DIV/0!,,,#DIV/0!,#DIV/0!,#DIV/0!,,,,,,,,,,,,,,,,,,,,,,,,,
United Republic of Tanzania,Pwani,Mkuranga,TZA,TZ06,TZ0604,0.0,,,,,,,,,,,,0.0,,,,,,#DIV/0!,#DIV/0!,,,,,#DIV/0!,,,,,#DIV/0!,#DIV/0!,,,,,,#DIV/0!,,,#DIV/0!,#DIV/0!,#DIV/0!,,,,,,,,,,,,,,,,,,,,,,,,,
United Republic of Tanzania,Pwani,Rufiji,TZA,TZ06,TZ0605,0.0,,,,,,,,,,,,0.0,,,,,,#DIV/0!,#DIV/0!,,,,,#DIV/0!,,,,,#DIV/0!,#DIV/0!,,,,,,#DIV/0!,,,#DIV/0!,#DIV/0!,#DIV/0!,,,,,,,,,,,,,,,,,,,,,,,,,
United Republic of Tanzania,Pwani,Mafia,TZA,TZ06,TZ0606,0.0,,,,,,,,,,,,0.0,,,,,,#DIV/0!,#DIV/0!,,,,,#DIV/0!,,,,,#DIV/0!,#DIV/0!,,,,,,#DIV/0!,,,#DIV/0!,#DIV/0!,#DIV/0!,,,,,,,,,,,,,,,,,,,,,,,,,
United Republic of Tanzania,Pwani,Kibaha Urban,TZA,TZ06,TZ0607,0.0,,,,,,,,,,,,0.0,,,,,,#DIV/0!,#DIV/0!,,,,,#DIV/0!,,,,,#DIV/0!,#DIV/0!,,,,,,#DIV/0!,,,#DIV/0!,#DIV/0!,#DIV/0!,,,,,,,,,,,,,,,,,,,,,,,,,
United Republic of Tanzania,Dar-es-salaam,Kinondoni,TZA,TZ07,TZ0701,0.0,,,,,,,,,,,,0.0,,,,,,#DIV/0!,#DIV/0!,,,,,#DIV/0!,,,,,#DIV/0!,#DIV/0!,,,,,,#DIV/0!,,,#DIV/0!,#DIV/0!,#DIV/0!,,,,,,,,,,,,,,,,,,,,,,,,,
United Republic of Tanzania,Dar-es-salaam,Ilala,TZA,TZ07,TZ0702,0.0,,,,,,,,,,,,0.0,,,,,,#DIV/0!,#DIV/0!,,,,,#DIV/0!,,,,,#DIV/0!,#DIV/0!,,,,,,#DIV/0!,,,#DIV/0!,#DIV/0!,#DIV/0!,,,,,,,,,,,,,,,,,,,,,,,,,
United Republic of Tanzania,Dar-es-salaam,Temeke,TZA,TZ07,TZ0703,0.0,,,,,,,,,,,,0.0,,,,,,#DIV/0!,#DIV/0!,,,,,#DIV/0!,,,,,#DIV/0!,#DIV/0!,,,,,,#DIV/0!,,,#DIV/0!,#DIV/0!,#DIV/0!,,,,,,,,,,,,,,,,,,,,,,,,,
United Republic of Tanzania,Lindi,Kilwa,TZA,TZ08,TZ0801,0.0,,,,,,,,,,,,0.0,,,,,,#DIV/0!,#DIV/0!,,,,,#DIV/0!,,,,,#DIV/0!,#DIV/0!,,,,,,#DIV/0!,,,#DIV/0!,#DIV/0!,#DIV/0!,,,,,,,,,,,,,,,,,,,,,,,,,
United Republic of Tanzania,Lindi,Lindi,TZA,TZ08,TZ0802,0.0,,,,,,,,,,,,0.0,,,,,,#DIV/0!,#DIV/0!,,,,,#DIV/0!,,,,,#DIV/0!,#DIV/0!,,,,,,#DIV/0!,,,#DIV/0!,#DIV/0!,#DIV/0!,,,,,,,,,,,,,,,,,,,,,,,,,
United Republic of Tanzania,Lindi,Nachingwea,TZA,TZ08,TZ0803,0.0,,,,,,,,,,,,0.0,,,,,,#DIV/0!,#DIV/0!,,,,,#DIV/0!,,,,,#DIV/0!,#DIV/0!,,,,,,#DIV/0!,,,#DIV/0!,#DIV/0!,#DIV/0!,,,,,,,,,,,,,,,,,,,,,,,,,
United Republic of Tanzania,Lindi,Liwale,TZA,TZ08,TZ0804,0.0,,,,,,,,,,,,0.0,,,,,,#DIV/0!,#DIV/0!,,,,,#DIV/0!,,,,,#DIV/0!,#DIV/0!,,,,,,#DIV/0!,,,#DIV/0!,#DIV/0!,#DIV/0!,,,,,,,,,,,,,,,,,,,,,,,,,
United Republic of Tanzania,Lindi,Ruangwa,TZA,TZ08,TZ0805,0.0,,,,,,,,,,,,0.0,,,,,,#DIV/0!,#DIV/0!,,,,,#DIV/0!,,,,,#DIV/0!,#DIV/0!,,,,,,#DIV/0!,,,#DIV/0!,#DIV/0!,#DIV/0!,,,,,,,,,,,,,,,,,,,,,,,,,
United Republic of Tanzania,Lindi,Lindi Urban,TZA,TZ08,TZ0806,0.0,,,,,,,,,,,,0.0,,,,,,#DIV/0!,#DIV/0!,,,,,#DIV/0!,,,,,#DIV/0!,#DIV/0!,,,,,,#DIV/0!,,,#DIV/0!,#DIV/0!,#DIV/0!,,,,,,,,,,,,,,,,,,,,,,,,,
United Republic of Tanzania,Mtwara,Mtwara,TZA,TZ09,TZ0901,0.0,,,,,,,,,,,,0.0,,,,,,#DIV/0!,#DIV/0!,,,,,#DIV/0!,,,,,#DIV/0!,#DIV/0!,,,,,,#DIV/0!,,,#DIV/0!,#DIV/0!,#DIV/0!,,,,,,,,,,,,,,,,,,,,,,,,,
United Republic of Tanzania,Mtwara,Newala,TZA,TZ09,TZ0902,0.0,,,,,,,,,,,,0.0,,,,,,#DIV/0!,#DIV/0!,,,,,#DIV/0!,,,,,#DIV/0!,#DIV/0!,,,,,,#DIV/0!,,,#DIV/0!,#DIV/0!,#DIV/0!,,,,,,,,,,,,,,,,,,,,,,,,,
United Republic of Tanzania,Mtwara,Masasi,TZA,TZ09,TZ0903,0.0,,,,,,,,,,,,0.0,,,,,,#DIV/0!,#DIV/0!,,,,,#DIV/0!,,,,,#DIV/0!,#DIV/0!,,,,,,#DIV/0!,,,#DIV/0!,#DIV/0!,#DIV/0!,,,,,,,,,,,,,,,,,,,,,,,,,
United Republic of Tanzania,Mtwara,Tandahimba,TZA,TZ09,TZ0904,0.0,,,,,,,,,,,,0.0,,,,,,#DIV/0!,#DIV/0!,,,,,#DIV/0!,,,,,#DIV/0!,#DIV/0!,,,,,,#DIV/0!,,,#DIV/0!,#DIV/0!,#DIV/0!,,,,,,,,,,,,,,,,,,,,,,,,,
United Republic of Tanzania,Mtwara,Mtwara Urban,TZA,TZ09,TZ0905,0.0,,,,,,,,,,,,0.0,,,,,,#DIV/0!,#DIV/0!,,,,,#DIV/0!,,,,,#DIV/0!,#DIV/0!,,,,,,#DIV/0!,,,#DIV/0!,#DIV/0!,#DIV/0!,,,,,,,,,,,,,,,,,,,,,,,,,
United Republic of Tanzania,Mtwara,Nanyumbu,TZA,TZ09,TZ0906,0.0,,,,,,,,,,,,0.0,,,,,,#DIV/0!,#DIV/0!,,,,,#DIV/0!,,,,,#DIV/0!,#DIV/0!,,,,,,#DIV/0!,,,#DIV/0!,#DIV/0!,#DIV/0!,,,,,,,,,,,,,,,,,,,,,,,,,
United Republic of Tanzania,Mtwara,Masasi  Township Authority,TZA,TZ09,TZ0907,0.0,,,,,,,,,,,,0.0,,,,,,#DIV/0!,#DIV/0!,,,,,#DIV/0!,,,,,#DIV/0!,#DIV/0!,,,,,,#DIV/0!,,,#DIV/0!,#DIV/0!,#DIV/0!,,,,,,,,,,,,,,,,,,,,,,,,,
United Republic of Tanzania,Ruvuma,Tunduru,TZA,TZ10,TZ1001,0.0,,,,,,,,,,,,0.0,,,,,,#DIV/0!,#DIV/0!,,,,,#DIV/0!,,,,,#DIV/0!,#DIV/0!,,,,,,#DIV/0!,,,#DIV/0!,#DIV/0!,#DIV/0!,,,,,,,,,,,,,,,,,,,,,,,,,
United Republic of Tanzania,Ruvuma,Songea,TZA,TZ10,TZ1002,0.0,,,,,,,,,,,,0.0,,,,,,#DIV/0!,#DIV/0!,,,,,#DIV/0!,,,,,#DIV/0!,#DIV/0!,,,,,,#DIV/0!,,,#DIV/0!,#DIV/0!,#DIV/0!,,,,,,,,,,,,,,,,,,,,,,,,,
United Republic of Tanzania,Ruvuma,Mbinga,TZA,TZ10,TZ1003,0.0,,,,,,,,,,,,0.0,,,,,,#DIV/0!,#DIV/0!,,,,,#DIV/0!,,,,,#DIV/0!,#DIV/0!,,,,,,#DIV/0!,,,#DIV/0!,#DIV/0!,#DIV/0!,,,,,,,,,,,,,,,,,,,,,,,,,
United Republic of Tanzania,Ruvuma,Songea Urban,TZA,TZ10,TZ1004,0.0,,,,,,,,,,,,0.0,,,,,,#DIV/0!,#DIV/0!,,,,,#DIV/0!,,,,,#DIV/0!,#DIV/0!,,,,,,#DIV/0!,,,#DIV/0!,#DIV/0!,#DIV/0!,,,,,,,,,,,,,,,,,,,,,,,,,
United Republic of Tanzania,Ruvuma,Namtumbo,TZA,TZ10,TZ1005,0.0,,,,,,,,,,,,0.0,,,,,,#DIV/0!,#DIV/0!,,,,,#DIV/0!,,,,,#DIV/0!,#DIV/0!,,,,,,#DIV/0!,,,#DIV/0!,#DIV/0!,#DIV/0!,,,,,,,,,,,,,,,,,,,,,,,,,
United Republic of Tanzania,Ruvuma,Nyasa,TZA,TZ10,TZ1006,0.0,,,,,,,,,,,,0.0,,,,,,#DIV/0!,#DIV/0!,,,,,#DIV/0!,,,,,#DIV/0!,#DIV/0!,,,,,,#DIV/0!,,,#DIV/0!,#DIV/0!,#DIV/0!,,,,,,,,,,,,,,,,,,,,,,,,,
United Republic of Tanzania,Iringa,Iringa,TZA,TZ11,TZ1101,0.0,,,,,,,,,,,,0.0,,,,,,#DIV/0!,#DIV/0!,,,,,#DIV/0!,,,,,#DIV/0!,#DIV/0!,,,,,,#DIV/0!,,,#DIV/0!,#DIV/0!,#DIV/0!,,,,,,,,,,,,,,,,,,,,,,,,,
United Republic of Tanzania,Iringa,Mufindi,TZA,TZ11,TZ1102,0.0,,,,,,,,,,,,0.0,,,,,,#DIV/0!,#DIV/0!,,,,,#DIV/0!,,,,,#DIV/0!,#DIV/0!,,,,,,#DIV/0!,,,#DIV/0!,#DIV/0!,#DIV/0!,,,,,,,,,,,,,,,,,,,,,,,,,
United Republic of Tanzania,Iringa,Iringa Urban,TZA,TZ11,TZ1103,0.0,,,,,,,,,,,,0.0,,,,,,#DIV/0!,#DIV/0!,,,,,#DIV/0!,,,,,#DIV/0!,#DIV/0!,,,,,,#DIV/0!,,,#DIV/0!,#DIV/0!,#DIV/0!,,,,,,,,,,,,,,,,,,,,,,,,,
United Republic of Tanzania,Iringa,Kilolo,TZA,TZ11,TZ1104,0.0,,,,,,,,,,,,0.0,,,,,,#DIV/0!,#DIV/0!,,,,,#DIV/0!,,,,,#DIV/0!,#DIV/0!,,,,,,#DIV/0!,,,#DIV/0!,#DIV/0!,#DIV/0!,,,,,,,,,,,,,,,,,,,,,,,,,
United Republic of Tanzania,Iringa,Mafinga Township Authority,TZA,TZ11,TZ1105,0.0,,,,,,,,,,,,0.0,,,,,,#DIV/0!,#DIV/0!,,,,,#DIV/0!,,,,,#DIV/0!,#DIV/0!,,,,,,#DIV/0!,,,#DIV/0!,#DIV/0!,#DIV/0!,,,,,,,,,,,,,,,,,,,,,,,,,
United Republic of Tanzania,Mbeya,Chunya,TZA,TZ12,TZ1201,0.0,,,,,,,,,,,,0.0,,,,,,#DIV/0!,#DIV/0!,,,,,#DIV/0!,,,,,#DIV/0!,#DIV/0!,,,,,,#DIV/0!,,,#DIV/0!,#DIV/0!,#DIV/0!,,,,,,,,,,,,,,,,,,,,,,,,,
United Republic of Tanzania,Mbeya,Mbeya,TZA,TZ12,TZ1202,0.0,,,,,,,,,,,,0.0,,,,,,#DIV/0!,#DIV/0!,,,,,#DIV/0!,,,,,#DIV/0!,#DIV/0!,,,,,,#DIV/0!,,,#DIV/0!,#DIV/0!,#DIV/0!,,,,,,,,,,,,,,,,,,,,,,,,,
United Republic of Tanzania,Mbeya,Kyela,TZA,TZ12,TZ1203,0.0,,,,,,,,,,,,0.0,,,,,,#DIV/0!,#DIV/0!,,,,,#DIV/0!,,,,,#DIV/0!,#DIV/0!,,,,,,#DIV/0!,,,#DIV/0!,#DIV/0!,#DIV/0!,,,,,,,,,,,,,,,,,,,,,,,,,
United Republic of Tanzania,Mbeya,Rungwe,TZA,TZ12,TZ1204,0.0,,,,,,,,,,,,0.0,,,,,,#DIV/0!,#DIV/0!,,,,,#DIV/0!,,,,,#DIV/0!,#DIV/0!,,,,,,#DIV/0!,,,#DIV/0!,#DIV/0!,#DIV/0!,,,,,,,,,,,,,,,,,,,,,,,,,
United Republic of Tanzania,Mbeya,Mbarali,TZA,TZ12,TZ1207,0.0,,,,,,,,,,,,0.0,,,,,,#DIV/0!,#DIV/0!,,,,,#DIV/0!,,,,,#DIV/0!,#DIV/0!,,,,,,#DIV/0!,,,#DIV/0!,#DIV/0!,#DIV/0!,,,,,,,,,,,,,,,,,,,,,,,,,
United Republic of Tanzania,Mbeya,Mbeya Urban,TZA,TZ12,TZ1208,0.0,,,,,,,,,,,,0.0,,,,,,#DIV/0!,#DIV/0!,,,,,#DIV/0!,,,,,#DIV/0!,#DIV/0!,,,,,,#DIV/0!,,,#DIV/0!,#DIV/0!,#DIV/0!,,,,,,,,,,,,,,,,,,,,,,,,,
United Republic of Tanzania,Singida,Iramba,TZA,TZ13,TZ1301,0.0,,,,,,,,,,,,0.0,,,,,,#DIV/0!,#DIV/0!,,,,,#DIV/0!,,,,,#DIV/0!,#DIV/0!,,,,,,#DIV/0!,,,#DIV/0!,#DIV/0!,#DIV/0!,,,,,,,,,,,,,,,,,,,,,,,,,
United Republic of Tanzania,Singida,Singida,TZA,TZ13,TZ1302,0.0,,,,,,,,,,,,0.0,,,,,,#DIV/0!,#DIV/0!,,,,,#DIV/0!,,,,,#DIV/0!,#DIV/0!,,,,,,#DIV/0!,,,#DIV/0!,#DIV/0!,#DIV/0!,,,,,,,,,,,,,,,,,,,,,,,,,
United Republic of Tanzania,Singida,Manyoni,TZA,TZ13,TZ1303,0.0,,,,,,,,,,,,0.0,,,,,,#DIV/0!,#DIV/0!,,,,,#DIV/0!,,,,,#DIV/0!,#DIV/0!,,,,,,#DIV/0!,,,#DIV/0!,#DIV/0!,#DIV/0!,,,,,,,,,,,,,,,,,,,,,,,,,
United Republic of Tanzania,Singida,Singida Urban,TZA,TZ13,TZ1304,0.0,,,,,,,,,,,,0.0,,,,,,#DIV/0!,#DIV/0!,,,,,#DIV/0!,,,,,#DIV/0!,#DIV/0!,,,,,,#DIV/0!,,,#DIV/0!,#DIV/0!,#DIV/0!,,,,,,,,,,,,,,,,,,,,,,,,,
United Republic of Tanzania,Singida,Ikungi,TZA,TZ13,TZ1305,0.0,,,,,,,,,,,,0.0,,,,,,#DIV/0!,#DIV/0!,,,,,#DIV/0!,,,,,#DIV/0!,#DIV/0!,,,,,,#DIV/0!,,,#DIV/0!,#DIV/0!,#DIV/0!,,,,,,,,,,,,,,,,,,,,,,,,,
United Republic of Tanzania,Singida,Mkalama,TZA,TZ13,TZ1306,0.0,,,,,,,,,,,,0.0,,,,,,#DIV/0!,#DIV/0!,,,,,#DIV/0!,,,,,#DIV/0!,#DIV/0!,,,,,,#DIV/0!,,,#DIV/0!,#DIV/0!,#DIV/0!,,,,,,,,,,,,,,,,,,,,,,,,,
United Republic of Tanzania,Tabora,Nzega,TZA,TZ14,TZ1401,0.0,,,,,,,,,,,,0.0,,,,,,#DIV/0!,#DIV/0!,,,,,#DIV/0!,,,,,#DIV/0!,#DIV/0!,,,,,,#DIV/0!,,,#DIV/0!,#DIV/0!,#DIV/0!,,,,,,,,,,,,,,,,,,,,,,,,,
United Republic of Tanzania,Tabora,Igunga,TZA,TZ14,TZ1402,0.0,,,,,,,,,,,,0.0,,,,,,#DIV/0!,#DIV/0!,,,,,#DIV/0!,,,,,#DIV/0!,#DIV/0!,,,,,,#DIV/0!,,,#DIV/0!,#DIV/0!,#DIV/0!,,,,,,,,,,,,,,,,,,,,,,,,,
United Republic of Tanzania,Tabora,Uyui,TZA,TZ14,TZ1403,0.0,,,,,,,,,,,,0.0,,,,,,#DIV/0!,#DIV/0!,,,,,#DIV/0!,,,,,#DIV/0!,#DIV/0!,,,,,,#DIV/0!,,,#DIV/0!,#DIV/0!,#DIV/0!,,,,,,,,,,,,,,,,,,,,,,,,,
United Republic of Tanzania,Tabora,Urambo,TZA,TZ14,TZ1404,0.0,,,,,,,,,,,,0.0,,,,,,#DIV/0!,#DIV/0!,,,,,#DIV/0!,,,,,#DIV/0!,#DIV/0!,,,,,,#DIV/0!,,,#DIV/0!,#DIV/0!,#DIV/0!,,,,,,,,,,,,,,,,,,,,,,,,,
United Republic of Tanzania,Tabora,Sikonge,TZA,TZ14,TZ1405,0.0,,,,,,,,,,,,0.0,,,,,,#DIV/0!,#DIV/0!,,,,,#DIV/0!,,,,,#DIV/0!,#DIV/0!,,,,,,#DIV/0!,,,#DIV/0!,#DIV/0!,#DIV/0!,,,,,,,,,,,,,,,,,,,,,,,,,
United Republic of Tanzania,Tabora,Tabora Urban,TZA,TZ14,TZ1406,0.0,,,,,,,,,,,,0.0,,,,,,#DIV/0!,#DIV/0!,,,,,#DIV/0!,,,,,#DIV/0!,#DIV/0!,,,,,,#DIV/0!,,,#DIV/0!,#DIV/0!,#DIV/0!,,,,,,,,,,,,,,,,,,,,,,,,,
United Republic of Tanzania,Tabora,Kaliua,TZA,TZ14,TZ1407,0.0,,,,,,,,,,,,0.0,,,,,,#DIV/0!,#DIV/0!,,,,,#DIV/0!,,,,,#DIV/0!,#DIV/0!,,,,,,#DIV/0!,,,#DIV/0!,#DIV/0!,#DIV/0!,,,,,,,,,,,,,,,,,,,,,,,,,
United Republic of Tanzania,Rukwa,Kalambo,TZA,TZ15,TZ1501,0.0,,,,,,,,,,,,0.0,,,,,,#DIV/0!,#DIV/0!,,,,,#DIV/0!,,,,,#DIV/0!,#DIV/0!,,,,,,#DIV/0!,,,#DIV/0!,#DIV/0!,#DIV/0!,,,,,,,,,,,,,,,,,,,,,,,,,
United Republic of Tanzania,Rukwa,Sumbawanga,TZA,TZ15,TZ1502,0.0,,,,,,,,,,,,0.0,,,,,,#DIV/0!,#DIV/0!,,,,,#DIV/0!,,,,,#DIV/0!,#DIV/0!,,,,,,#DIV/0!,,,#DIV/0!,#DIV/0!,#DIV/0!,,,,,,,,,,,,,,,,,,,,,,,,,
United Republic of Tanzania,Rukwa,Nkasi,TZA,TZ15,TZ1503,0.0,,,,,,,,,,,,0.0,,,,,,#DIV/0!,#DIV/0!,,,,,#DIV/0!,,,,,#DIV/0!,#DIV/0!,,,,,,#DIV/0!,,,#DIV/0!,#DIV/0!,#DIV/0!,,,,,,,,,,,,,,,,,,,,,,,,,
United Republic of Tanzania,Rukwa,Sumbawanga Urban,TZA,TZ15,TZ1504,0.0,,,,,,,,,,,,0.0,,,,,,#DIV/0!,#DIV/0!,,,,,#DIV/0!,,,,,#DIV/0!,#DIV/0!,,,,,,#DIV/0!,,,#DIV/0!,#DIV/0!,#DIV/0!,,,,,,,,,,,,,,,,,,,,,,,,,
United Republic of Tanzania,Kigoma,Kibondo,TZA,TZ16,TZ1601,0.0,,,,,,,,,,,,0.0,,,,,,#DIV/0!,#DIV/0!,,,,,#DIV/0!,,,,,#DIV/0!,#DIV/0!,,,,,,#DIV/0!,,,#DIV/0!,#DIV/0!,#DIV/0!,,,,,,,,,,,,,,,,,,,,,,,,,
United Republic of Tanzania,Kigoma,Kasulu,TZA,TZ16,TZ1602,0.0,,,,,,,,,,,,0.0,,,,,,#DIV/0!,#DIV/0!,,,,,#DIV/0!,,,,,#DIV/0!,#DIV/0!,,,,,,#DIV/0!,,,#DIV/0!,#DIV/0!,#DIV/0!,,,,,,,,,,,,,,,,,,,,,,,,,
United Republic of Tanzania,Kigoma,Kigoma,TZA,TZ16,TZ1603,0.0,,,,,,,,,,,,0.0,,,,,,#DIV/0!,#DIV/0!,,,,,#DIV/0!,,,,,#DIV/0!,#DIV/0!,,,,,,#DIV/0!,,,#DIV/0!,#DIV/0!,#DIV/0!,,,,,,,,,,,,,,,,,,,,,,,,,
United Republic of Tanzania,Kigoma,Kigoma  Urban,TZA,TZ16,TZ1604,0.0,,,,,,,,,,,,0.0,,,,,,#DIV/0!,#DIV/0!,,,,,#DIV/0!,,,,,#DIV/0!,#DIV/0!,,,,,,#DIV/0!,,,#DIV/0!,#DIV/0!,#DIV/0!,,,,,,,,,,,,,,,,,,,,,,,,,
United Republic of Tanzania,Kigoma,Uvinza,TZA,TZ16,TZ1605,0.0,,,,,,,,,,,,0.0,,,,,,#DIV/0!,#DIV/0!,,,,,#DIV/0!,,,,,#DIV/0!,#DIV/0!,,,,,,#DIV/0!,,,#DIV/0!,#DIV/0!,#DIV/0!,,,,,,,,,,,,,,,,,,,,,,,,,
United Republic of Tanzania,Kigoma,Buhigwe,TZA,TZ16,TZ1606,0.0,,,,,,,,,,,,0.0,,,,,,#DIV/0!,#DIV/0!,,,,,#DIV/0!,,,,,#DIV/0!,#DIV/0!,,,,,,#DIV/0!,,,#DIV/0!,#DIV/0!,#DIV/0!,,,,,,,,,,,,,,,,,,,,,,,,,
United Republic of Tanzania,Kigoma,Kakonko,TZA,TZ16,TZ1607,0.0,,,,,,,,,,,,0.0,,,,,,#DIV/0!,#DIV/0!,,,,,#DIV/0!,,,,,#DIV/0!,#DIV/0!,,,,,,#DIV/0!,,,#DIV/0!,#DIV/0!,#DIV/0!,,,,,,,,,,,,,,,,,,,,,,,,,
United Republic of Tanzania,Kigoma,Kasulu Township Authority,TZA,TZ16,TZ1608,0.0,,,,,,,,,,,,0.0,,,,,,#DIV/0!,#DIV/0!,,,,,#DIV/0!,,,,,#DIV/0!,#DIV/0!,,,,,,#DIV/0!,,,#DIV/0!,#DIV/0!,#DIV/0!,,,,,,,,,,,,,,,,,,,,,,,,,
United Republic of Tanzania,Shinyanga,Shinyanga Urban,TZA,TZ17,TZ1701,0.0,,,,,,,,,,,,0.0,,,,,,#DIV/0!,#DIV/0!,,,,,#DIV/0!,,,,,#DIV/0!,#DIV/0!,,,,,,#DIV/0!,,,#DIV/0!,#DIV/0!,#DIV/0!,,,,,,,,,,,,,,,,,,,,,,,,,
United Republic of Tanzania,Shinyanga,Kishapu,TZA,TZ17,TZ1702,0.0,,,,,,,,,,,,0.0,,,,,,#DIV/0!,#DIV/0!,,,,,#DIV/0!,,,,,#DIV/0!,#DIV/0!,,,,,,#DIV/0!,,,#DIV/0!,#DIV/0!,#DIV/0!,,,,,,,,,,,,,,,,,,,,,,,,,
United Republic of Tanzania,Shinyanga,Shinyanga,TZA,TZ17,TZ1703,0.0,,,,,,,,,,,,0.0,,,,,,#DIV/0!,#DIV/0!,,,,,#DIV/0!,,,,,#DIV/0!,#DIV/0!,,,,,,#DIV/0!,,,#DIV/0!,#DIV/0!,#DIV/0!,,,,,,,,,,,,,,,,,,,,,,,,,
United Republic of Tanzania,Shinyanga,Kahama,TZA,TZ17,TZ1704,0.0,,,,,,,,,,,,0.0,,,,,,#DIV/0!,#DIV/0!,,,,,#DIV/0!,,,,,#DIV/0!,#DIV/0!,,,,,,#DIV/0!,,,#DIV/0!,#DIV/0!,#DIV/0!,,,,,,,,,,,,,,,,,,,,,,,,,
United Republic of Tanzania,Shinyanga,Kahama Township Authority,TZA,TZ17,TZ1705,0.0,,,,,,,,,,,,0.0,,,,,,#DIV/0!,#DIV/0!,,,,,#DIV/0!,,,,,#DIV/0!,#DIV/0!,,,,,,#DIV/0!,,,#DIV/0!,#DIV/0!,#DIV/0!,,,,,,,,,,,,,,,,,,,,,,,,,
United Republic of Tanzania,Kagera,Karagwe,TZA,TZ18,TZ1801,0.0,,,,,,,,,,,,0.0,,,,,,#DIV/0!,#DIV/0!,,,,,#DIV/0!,,,,,#DIV/0!,#DIV/0!,,,,,,#DIV/0!,,,#DIV/0!,#DIV/0!,#DIV/0!,,,,,,,,,,,,,,,,,,,,,,,,,
United Republic of Tanzania,Kagera,Bukoba,TZA,TZ18,TZ1802,0.0,,,,,,,,,,,,0.0,,,,,,#DIV/0!,#DIV/0!,,,,,#DIV/0!,,,,,#DIV/0!,#DIV/0!,,,,,,#DIV/0!,,,#DIV/0!,#DIV/0!,#DIV/0!,,,,,,,,,,,,,,,,,,,,,,,,,
United Republic of Tanzania,Kagera,Muleba,TZA,TZ18,TZ1803,0.0,,,,,,,,,,,,0.0,,,,,,#DIV/0!,#DIV/0!,,,,,#DIV/0!,,,,,#DIV/0!,#DIV/0!,,,,,,#DIV/0!,,,#DIV/0!,#DIV/0!,#DIV/0!,,,,,,,,,,,,,,,,,,,,,,,,,
United Republic of Tanzania,Kagera,Biharamulo,TZA,TZ18,TZ1804,0.0,,,,,,,,,,,,0.0,,,,,,#DIV/0!,#DIV/0!,,,,,#DIV/0!,,,,,#DIV/0!,#DIV/0!,,,,,,#DIV/0!,,,#DIV/0!,#DIV/0!,#DIV/0!,,,,,,,,,,,,,,,,,,,,,,,,,
United Republic of Tanzania,Kagera,Ngara,TZA,TZ18,TZ1805,0.0,,,,,,,,,,,,0.0,,,,,,#DIV/0!,#DIV/0!,,,,,#DIV/0!,,,,,#DIV/0!,#DIV/0!,,,,,,#DIV/0!,,,#DIV/0!,#DIV/0!,#DIV/0!,,,,,,,,,,,,,,,,,,,,,,,,,
United Republic of Tanzania,Kagera,Bukoba Urban,TZA,TZ18,TZ1806,0.0,,,,,,,,,,,,0.0,,,,,,#DIV/0!,#DIV/0!,,,,,#DIV/0!,,,,,#DIV/0!,#DIV/0!,,,,,,#DIV/0!,,,#DIV/0!,#DIV/0!,#DIV/0!,,,,,,,,,,,,,,,,,,,,,,,,,
United Republic of Tanzania,Kagera,Missenyi,TZA,TZ18,TZ1807,0.0,,,,,,,,,,,,0.0,,,,,,#DIV/0!,#DIV/0!,,,,,#DIV/0!,,,,,#DIV/0!,#DIV/0!,,,,,,#DIV/0!,,,#DIV/0!,#DIV/0!,#DIV/0!,,,,,,,,,,,,,,,,,,,,,,,,,
United Republic of Tanzania,Kagera,Kyerwa,TZA,TZ18,TZ1808,0.0,,,,,,,,,,,,0.0,,,,,,#DIV/0!,#DIV/0!,,,,,#DIV/0!,,,,,#DIV/0!,#DIV/0!,,,,,,#DIV/0!,,,#DIV/0!,#DIV/0!,#DIV/0!,,,,,,,,,,,,,,,,,,,,,,,,,
United Republic of Tanzania,Mwanza,Ukerewe,TZA,TZ19,TZ1901,0.0,,,,,,,,,,,,0.0,,,,,,#DIV/0!,#DIV/0!,,,,,#DIV/0!,,,,,#DIV/0!,#DIV/0!,,,,,,#DIV/0!,,,#DIV/0!,#DIV/0!,#DIV/0!,,,,,,,,,,,,,,,,,,,,,,,,,
United Republic of Tanzania,Mwanza,Magu,TZA,TZ19,TZ1902,0.0,,,,,,,,,,,,0.0,,,,,,#DIV/0!,#DIV/0!,,,,,#DIV/0!,,,,,#DIV/0!,#DIV/0!,,,,,,#DIV/0!,,,#DIV/0!,#DIV/0!,#DIV/0!,,,,,,,,,,,,,,,,,,,,,,,,,
United Republic of Tanzania,Mwanza,Nyamagana,TZA,TZ19,TZ1903,0.0,,,,,,,,,,,,0.0,,,,,,#DIV/0!,#DIV/0!,,,,,#DIV/0!,,,,,#DIV/0!,#DIV/0!,,,,,,#DIV/0!,,,#DIV/0!,#DIV/0!,#DIV/0!,,,,,,,,,,,,,,,,,,,,,,,,,
United Republic of Tanzania,Mwanza,Kwimba,TZA,TZ19,TZ1904,0.0,,,,,,,,,,,,0.0,,,,,,#DIV/0!,#DIV/0!,,,,,#DIV/0!,,,,,#DIV/0!,#DIV/0!,,,,,,#DIV/0!,,,#DIV/0!,#DIV/0!,#DIV/0!,,,,,,,,,,,,,,,,,,,,,,,,,
United Republic of Tanzania,Mwanza,Sengerema,TZA,TZ19,TZ1905,0.0,,,,,,,,,,,,0.0,,,,,,#DIV/0!,#DIV/0!,,,,,#DIV/0!,,,,,#DIV/0!,#DIV/0!,,,,,,#DIV/0!,,,#DIV/0!,#DIV/0!,#DIV/0!,,,,,,,,,,,,,,,,,,,,,,,,,
United Republic of Tanzania,Mwanza,Ilemela,TZA,TZ19,TZ1906,0.0,,,,,,,,,,,,0.0,,,,,,#DIV/0!,#DIV/0!,,,,,#DIV/0!,,,,,#DIV/0!,#DIV/0!,,,,,,#DIV/0!,,,#DIV/0!,#DIV/0!,#DIV/0!,,,,,,,,,,,,,,,,,,,,,,,,,
United Republic of Tanzania,Mwanza,Misungwi,TZA,TZ19,TZ1907,0.0,,,,,,,,,,,,0.0,,,,,,#DIV/0!,#DIV/0!,,,,,#DIV/0!,,,,,#DIV/0!,#DIV/0!,,,,,,#DIV/0!,,,#DIV/0!,#DIV/0!,#DIV/0!,,,,,,,,,,,,,,,,,,,,,,,,,
United Republic of Tanzania,Mara,Tarime,TZA,TZ20,TZ2001,0.0,,,,,,,,,,,,0.0,,,,,,#DIV/0!,#DIV/0!,,,,,#DIV/0!,,,,,#DIV/0!,#DIV/0!,,,,,,#DIV/0!,,,#DIV/0!,#DIV/0!,#DIV/0!,,,,,,,,,,,,,,,,,,,,,,,,,
United Republic of Tanzania,Mara,Serengeti,TZA,TZ20,TZ2002,0.0,,,,,,,,,,,,0.0,,,,,,#DIV/0!,#DIV/0!,,,,,#DIV/0!,,,,,#DIV/0!,#DIV/0!,,,,,,#DIV/0!,,,#DIV/0!,#DIV/0!,#DIV/0!,,,,,,,,,,,,,,,,,,,,,,,,,
United Republic of Tanzania,Mara,Musoma,TZA,TZ20,TZ2003,0.0,,,,,,,,,,,,0.0,,,,,,#DIV/0!,#DIV/0!,,,,,#DIV/0!,,,,,#DIV/0!,#DIV/0!,,,,,,#DIV/0!,,,#DIV/0!,#DIV/0!,#DIV/0!,,,,,,,,,,,,,,,,,,,,,,,,,
United Republic of Tanzania,Mara,Bunda,TZA,TZ20,TZ2004,0.0,,,,,,,,,,,,0.0,,,,,,#DIV/0!,#DIV/0!,,,,,#DIV/0!,,,,,#DIV/0!,#DIV/0!,,,,,,#DIV/0!,,,#DIV/0!,#DIV/0!,#DIV/0!,,,,,,,,,,,,,,,,,,,,,,,,,
United Republic of Tanzania,Mara,Musoma Urban,TZA,TZ20,TZ2005,0.0,,,,,,,,,,,,0.0,,,,,,#DIV/0!,#DIV/0!,,,,,#DIV/0!,,,,,#DIV/0!,#DIV/0!,,,,,,#DIV/0!,,,#DIV/0!,#DIV/0!,#DIV/0!,,,,,,,,,,,,,,,,,,,,,,,,,
United Republic of Tanzania,Mara,Rorya,TZA,TZ20,TZ2006,0.0,,,,,,,,,,,,0.0,,,,,,#DIV/0!,#DIV/0!,,,,,#DIV/0!,,,,,#DIV/0!,#DIV/0!,,,,,,#DIV/0!,,,#DIV/0!,#DIV/0!,#DIV/0!,,,,,,,,,,,,,,,,,,,,,,,,,
United Republic of Tanzania,Mara,Butiam,TZA,TZ20,TZ2007,0.0,,,,,,,,,,,,0.0,,,,,,#DIV/0!,#DIV/0!,,,,,#DIV/0!,,,,,#DIV/0!,#DIV/0!,,,,,,#DIV/0!,,,#DIV/0!,#DIV/0!,#DIV/0!,,,,,,,,,,,,,,,,,,,,,,,,,
United Republic of Tanzania,Manyara,Babati,TZA,TZ21,TZ2101,0.0,,,,,,,,,,,,0.0,,,,,,#DIV/0!,#DIV/0!,,,,,#DIV/0!,,,,,#DIV/0!,#DIV/0!,,,,,,#DIV/0!,,,#DIV/0!,#DIV/0!,#DIV/0!,,,,,,,,,,,,,,,,,,,,,,,,,
United Republic of Tanzania,Manyara,Hanang,TZA,TZ21,TZ2102,0.0,,,,,,,,,,,,0.0,,,,,,#DIV/0!,#DIV/0!,,,,,#DIV/0!,,,,,#DIV/0!,#DIV/0!,,,,,,#DIV/0!,,,#DIV/0!,#DIV/0!,#DIV/0!,,,,,,,,,,,,,,,,,,,,,,,,,
United Republic of Tanzania,Manyara,Mbulu,TZA,TZ21,TZ2103,0.0,,,,,,,,,,,,0.0,,,,,,#DIV/0!,#DIV/0!,,,,,#DIV/0!,,,,,#DIV/0!,#DIV/0!,,,,,,#DIV/0!,,,#DIV/0!,#DIV/0!,#DIV/0!,,,,,,,,,,,,,,,,,,,,,,,,,
United Republic of Tanzania,Manyara,Simanjiro,TZA,TZ21,TZ2104,0.0,,,,,,,,,,,,0.0,,,,,,#DIV/0!,#DIV/0!,,,,,#DIV/0!,,,,,#DIV/0!,#DIV/0!,,,,,,#DIV/0!,,,#DIV/0!,#DIV/0!,#DIV/0!,,,,,,,,,,,,,,,,,,,,,,,,,
United Republic of Tanzania,Manyara,Kiteto,TZA,TZ21,TZ2105,0.0,,,,,,,,,,,,0.0,,,,,,#DIV/0!,#DIV/0!,,,,,#DIV/0!,,,,,#DIV/0!,#DIV/0!,,,,,,#DIV/0!,,,#DIV/0!,#DIV/0!,#DIV/0!,,,,,,,,,,,,,,,,,,,,,,,,,
United Republic of Tanzania,Manyara,Babati Urban,TZA,TZ21,TZ2106,0.0,,,,,,,,,,,,0.0,,,,,,#DIV/0!,#DIV/0!,,,,,#DIV/0!,,,,,#DIV/0!,#DIV/0!,,,,,,#DIV/0!,,,#DIV/0!,#DIV/0!,#DIV/0!,,,,,,,,,,,,,,,,,,,,,,,,,
United Republic of Tanzania,Njombe,Njombe Urban,TZA,TZ22,TZ2201,0.0,,,,,,,,,,,,0.0,,,,,,#DIV/0!,#DIV/0!,,,,,#DIV/0!,,,,,#DIV/0!,#DIV/0!,,,,,,#DIV/0!,,,#DIV/0!,#DIV/0!,#DIV/0!,,,,,,,,,,,,,,,,,,,,,,,,,
United Republic of Tanzania,Njombe,Wanging'ombe,TZA,TZ22,TZ2202,0.0,,,,,,,,,,,,0.0,,,,,,#DIV/0!,#DIV/0!,,,,,#DIV/0!,,,,,#DIV/0!,#DIV/0!,,,,,,#DIV/0!,,,#DIV/0!,#DIV/0!,#DIV/0!,,,,,,,,,,,,,,,,,,,,,,,,,
United Republic of Tanzania,Njombe,Makete,TZA,TZ22,TZ2203,0.0,,,,,,,,,,,,0.0,,,,,,#DIV/0!,#DIV/0!,,,,,#DIV/0!,,,,,#DIV/0!,#DIV/0!,,,,,,#DIV/0!,,,#DIV/0!,#DIV/0!,#DIV/0!,,,,,,,,,,,,,,,,,,,,,,,,,
United Republic of Tanzania,Njombe,Njombe,TZA,TZ22,TZ2204,0.0,,,,,,,,,,,,0.0,,,,,,#DIV/0!,#DIV/0!,,,,,#DIV/0!,,,,,#DIV/0!,#DIV/0!,,,,,,#DIV/0!,,,#DIV/0!,#DIV/0!,#DIV/0!,,,,,,,,,,,,,,,,,,,,,,,,,
United Republic of Tanzania,Njombe,Ludewa,TZA,TZ22,TZ2205,0.0,,,,,,,,,,,,0.0,,,,,,#DIV/0!,#DIV/0!,,,,,#DIV/0!,,,,,#DIV/0!,#DIV/0!,,,,,,#DIV/0!,,,#DIV/0!,#DIV/0!,#DIV/0!,,,,,,,,,,,,,,,,,,,,,,,,,
United Republic of Tanzania,Njombe,Makambako Township Authority,TZA,TZ22,TZ2206,0.0,,,,,,,,,,,,0.0,,,,,,#DIV/0!,#DIV/0!,,,,,#DIV/0!,,,,,#DIV/0!,#DIV/0!,,,,,,#DIV/0!,,,#DIV/0!,#DIV/0!,#DIV/0!,,,,,,,,,,,,,,,,,,,,,,,,,
United Republic of Tanzania,Katavi,Mpanda Urban,TZA,TZ23,TZ2301,0.0,,,,,,,,,,,,0.0,,,,,,#DIV/0!,#DIV/0!,,,,,#DIV/0!,,,,,#DIV/0!,#DIV/0!,,,,,,#DIV/0!,,,#DIV/0!,#DIV/0!,#DIV/0!,,,,,,,,,,,,,,,,,,,,,,,,,
United Republic of Tanzania,Katavi,Mpanda,TZA,TZ23,TZ2302,0.0,,,,,,,,,,,,0.0,,,,,,#DIV/0!,#DIV/0!,,,,,#DIV/0!,,,,,#DIV/0!,#DIV/0!,,,,,,#DIV/0!,,,#DIV/0!,#DIV/0!,#DIV/0!,,,,,,,,,,,,,,,,,,,,,,,,,
United Republic of Tanzania,Katavi,Mlele,TZA,TZ23,TZ2303,0.0,,,,,,,,,,,,0.0,,,,,,#DIV/0!,#DIV/0!,,,,,#DIV/0!,,,,,#DIV/0!,#DIV/0!,,,,,,#DIV/0!,,,#DIV/0!,#DIV/0!,#DIV/0!,,,,,,,,,,,,,,,,,,,,,,,,,
United Republic of Tanzania,Simiyu,Bariadi,TZA,TZ24,TZ2401,0.0,,,,,,,,,,,,0.0,,,,,,#DIV/0!,#DIV/0!,,,,,#DIV/0!,,,,,#DIV/0!,#DIV/0!,,,,,,#DIV/0!,,,#DIV/0!,#DIV/0!,#DIV/0!,,,,,,,,,,,,,,,,,,,,,,,,,
United Republic of Tanzania,Simiyu,Itilima,TZA,TZ24,TZ2402,0.0,,,,,,,,,,,,0.0,,,,,,#DIV/0!,#DIV/0!,,,,,#DIV/0!,,,,,#DIV/0!,#DIV/0!,,,,,,#DIV/0!,,,#DIV/0!,#DIV/0!,#DIV/0!,,,,,,,,,,,,,,,,,,,,,,,,,
United Republic of Tanzania,Simiyu,Meatu,TZA,TZ24,TZ2403,0.0,,,,,,,,,,,,0.0,,,,,,#DIV/0!,#DIV/0!,,,,,#DIV/0!,,,,,#DIV/0!,#DIV/0!,,,,,,#DIV/0!,,,#DIV/0!,#DIV/0!,#DIV/0!,,,,,,,,,,,,,,,,,,,,,,,,,
United Republic of Tanzania,Simiyu,Maswa,TZA,TZ24,TZ2404,0.0,,,,,,,,,,,,0.0,,,,,,#DIV/0!,#DIV/0!,,,,,#DIV/0!,,,,,#DIV/0!,#DIV/0!,,,,,,#DIV/0!,,,#DIV/0!,#DIV/0!,#DIV/0!,,,,,,,,,,,,,,,,,,,,,,,,,
United Republic of Tanzania,Simiyu,Busega,TZA,TZ24,TZ2405,0.0,,,,,,,,,,,,0.0,,,,,,#DIV/0!,#DIV/0!,,,,,#DIV/0!,,,,,#DIV/0!,#DIV/0!,,,,,,#DIV/0!,,,#DIV/0!,#DIV/0!,#DIV/0!,,,,,,,,,,,,,,,,,,,,,,,,,
United Republic of Tanzania,Geita,Geita,TZA,TZ25,TZ2501,0.0,,,,,,,,,,,,0.0,,,,,,#DIV/0!,#DIV/0!,,,,,#DIV/0!,,,,,#DIV/0!,#DIV/0!,,,,,,#DIV/0!,,,#DIV/0!,#DIV/0!,#DIV/0!,,,,,,,,,,,,,,,,,,,,,,,,,
United Republic of Tanzania,Geita,Nyang'hwale,TZA,TZ25,TZ2502,0.0,,,,,,,,,,,,0.0,,,,,,#DIV/0!,#DIV/0!,,,,,#DIV/0!,,,,,#DIV/0!,#DIV/0!,,,,,,#DIV/0!,,,#DIV/0!,#DIV/0!,#DIV/0!,,,,,,,,,,,,,,,,,,,,,,,,,
United Republic of Tanzania,Geita,Mbogwe,TZA,TZ25,TZ2503,0.0,,,,,,,,,,,,0.0,,,,,,#DIV/0!,#DIV/0!,,,,,#DIV/0!,,,,,#DIV/0!,#DIV/0!,,,,,,#DIV/0!,,,#DIV/0!,#DIV/0!,#DIV/0!,,,,,,,,,,,,,,,,,,,,,,,,,
United Republic of Tanzania,Geita,Bukombe,TZA,TZ25,TZ2504,0.0,,,,,,,,,,,,0.0,,,,,,#DIV/0!,#DIV/0!,,,,,#DIV/0!,,,,,#DIV/0!,#DIV/0!,,,,,,#DIV/0!,,,#DIV/0!,#DIV/0!,#DIV/0!,,,,,,,,,,,,,,,,,,,,,,,,,
United Republic of Tanzania,Geita,Chato,TZA,TZ25,TZ2505,0.0,7.0,,,,,,,,,,,3.5,,,,,,#DIV/0!,#DIV/0!,,,,,#DIV/0!,,,,,#DIV/0!,#DIV/0!,,,,,,#DIV/0!,,,#DIV/0!,#DIV/0!,#DIV/0!,,,,,,,,,,,,,,,,,,,,,,,,,
United Republic of Tanzania,Songwe,Songwe,TZA,TZ26,TZ2601,0.0,,,,,,,,,,,,0.0,,,,,,#DIV/0!,#DIV/0!,,,,,#DIV/0!,,,,,#DIV/0!,#DIV/0!,,,,,,#DIV/0!,,,#DIV/0!,#DIV/0!,#DIV/0!,,,,,,,,,,,,,,,,,,,,,,,,,
United Republic of Tanzania,Songwe,Ileje,TZA,TZ26,TZ2605,0.0,,,,,,,,,,,,0.0,,,,,,#DIV/0!,#DIV/0!,,,,,#DIV/0!,,,,,#DIV/0!,#DIV/0!,,,,,,#DIV/0!,,,#DIV/0!,#DIV/0!,#DIV/0!,,,,,,,,,,,,,,,,,,,,,,,,,
United Republic of Tanzania,Songwe,Mbozi,TZA,TZ26,TZ2606,0.0,,,,,,,,,,,,0.0,,,,,,#DIV/0!,#DIV/0!,,,,,#DIV/0!,,,,,#DIV/0!,#DIV/0!,,,,,,#DIV/0!,,,#DIV/0!,#DIV/0!,#DIV/0!,,,,,,,,,,,,,,,,,,,,,,,,,
United Republic of Tanzania,Songwe,Momba,TZA,TZ26,TZ2609,0.0,,,,,,,,,,,,0.0,,,,,,#DIV/0!,#DIV/0!,,,,,#DIV/0!,,,,,#DIV/0!,#DIV/0!,,,,,,#DIV/0!,,,#DIV/0!,#DIV/0!,#DIV/0!,,,,,,,,,,,,,,,,,,,,,,,,,
United Republic of Tanzania,Songwe,Tunduma,TZA,TZ26,TZ2610,0.0,,,,,,,,,,,,0.0,,,,,,#DIV/0!,#DIV/0!,,,,,#DIV/0!,,,,,#DIV/0!,#DIV/0!,,,,,,#DIV/0!,,,#DIV/0!,#DIV/0!,#DIV/0!,,,,,,,,,,,,,,,,,,,,,,,,,
United Republic of Tanzania,Kaskazini Unguja,Kaskazini A,TZA,TZ51,TZ5101,0.0,,,,,,,,,,,,0.0,,,,,,#DIV/0!,#DIV/0!,,,,,#DIV/0!,,,,,#DIV/0!,#DIV/0!,,,,,,#DIV/0!,,,#DIV/0!,#DIV/0!,#DIV/0!,,,,,,,,,,,,,,,,,,,,,,,,,
United Republic of Tanzania,Kaskazini Unguja,Kaskazini B,TZA,TZ51,TZ5102,0.0,,,,,,,,,,,,0.0,,,,,,#DIV/0!,#DIV/0!,,,,,#DIV/0!,,,,,#DIV/0!,#DIV/0!,,,,,,#DIV/0!,,,#DIV/0!,#DIV/0!,#DIV/0!,,,,,,,,,,,,,,,,,,,,,,,,,
United Republic of Tanzania,Kusini Unguja,Kati,TZA,TZ52,TZ5201,0.0,,,,,,,,,,,,0.0,,,,,,#DIV/0!,#DIV/0!,,,,,#DIV/0!,,,,,#DIV/0!,#DIV/0!,,,,,,#DIV/0!,,,#DIV/0!,#DIV/0!,#DIV/0!,,,,,,,,,,,,,,,,,,,,,,,,,
United Republic of Tanzania,Kusini Unguja,Kusini,TZA,TZ52,TZ5202,0.0,,,,,,,,,,,,0.0,,,,,,#DIV/0!,#DIV/0!,,,,,#DIV/0!,,,,,#DIV/0!,#DIV/0!,,,,,,#DIV/0!,,,#DIV/0!,#DIV/0!,#DIV/0!,,,,,,,,,,,,,,,,,,,,,,,,,
United Republic of Tanzania,Mjini Magharibi,Magharibi,TZA,TZ53,TZ5301,0.0,,,,,,,,,,,,0.0,,,,,,#DIV/0!,#DIV/0!,,,,,#DIV/0!,,,,,#DIV/0!,#DIV/0!,,,,,,#DIV/0!,,,#DIV/0!,#DIV/0!,#DIV/0!,,,,,,,,,,,,,,,,,,,,,,,,,
United Republic of Tanzania,Mjini Magharibi,Mjini,TZA,TZ53,TZ5302,0.0,,,,,,,,,,,,0.0,,,,,,#DIV/0!,#DIV/0!,,,,,#DIV/0!,,,,,#DIV/0!,#DIV/0!,,,,,,#DIV/0!,,,#DIV/0!,#DIV/0!,#DIV/0!,,,,,,,,,,,,,,,,,,,,,,,,,
United Republic of Tanzania,Kaskazini Pemba,Wete,TZA,TZ54,TZ5401,0.0,,,,,,,,,,,,0.0,,,,,,#DIV/0!,#DIV/0!,,,,,#DIV/0!,,,,,#DIV/0!,#DIV/0!,,,,,,#DIV/0!,,,#DIV/0!,#DIV/0!,#DIV/0!,,,,,,,,,,,,,,,,,,,,,,,,,
United Republic of Tanzania,Kaskazini Pemba,Micheweni,TZA,TZ54,TZ5402,0.0,,,,,,,,,,,,0.0,,,,,,#DIV/0!,#DIV/0!,,,,,#DIV/0!,,,,,#DIV/0!,#DIV/0!,,,,,,#DIV/0!,,,#DIV/0!,#DIV/0!,#DIV/0!,,,,,,,,,,,,,,,,,,,,,,,,,
United Republic of Tanzania,Kusini Pemba,Chake Chake,TZA,TZ55,TZ5501,0.0,,,,,,,,,,,,0.0,,,,,,#DIV/0!,#DIV/0!,,,,,#DIV/0!,,,,,#DIV/0!,#DIV/0!,,,,,,#DIV/0!,,,#DIV/0!,#DIV/0!,#DIV/0!,,,,,,,,,,,,,,,,,,,,,,,,,
United Republic of Tanzania,Kusini Pemba,Mkoani,TZA,TZ55,TZ5502,0.0,,,,,,,,,,,,0.0,,,,,,#DIV/0!,#DIV/0!,,,,,#DIV/0!,,,,,#DIV/0!,#DIV/0!,,,,,,#DIV/0!,,,#DIV/0!,#DIV/0!,#DIV/0!,,,,,,,,,,,,,,,,,,,,,,,,,
